单词|词性|音标|释义|词族|搭配|辨析|例句|例句中文
file|v./n.|/faɪl/|v.（正式）提交、申请；n. 文件夹；档案||file for bankruptcy 申请破产；file a lawsuit 提起诉讼；file a report 提交报告||The auction house filed for bankruptcy.|拍卖行申请了破产。
file for|phr.|/faɪl fɔːr/|（正式）申请……（由 file 构成）||file for bankruptcy 申请破产；file for divorce 申请离婚||Sotheby's rival filed for bankruptcy.|苏富比的竞争对手申请了破产。
filed|v.|/faɪld/|提交、申请（file 的过去式/过去分词）||||The company filed for bankruptcy after the crash.|该公司在崩溃后申请了破产。
but|prep./conj.|/bʌt/|prep. 除了（常用于 none/nobody/everything 之后）；conj. 但是|||此处≠ however 的「但是」义，表 except|All but two pieces sold that night.|那天晚上除了两件之外都卖出去了。
mean|v./adj.|/miːn/|v. 意思是；意味着；adj. 刻薄的；吝啬的|meaning n. / meaningful adj. / meaningless adj.|||What does this word mean?|这个词是什么意思？
auctioneer|n.|/ˌɔːkʃəˈnɪə(r)/|拍卖师|auction n.（拍卖）|||The auctioneer called out bids.|拍卖师报出了叫价。
bid|n./v.|/bɪd/|n.（拍卖中的）出价；投标；v. 出价||make a bid 出价；call out bids 报出叫价；bid for 竞标……||The auctioneer called out bids.|拍卖师报出了叫价。
bids|n.|/bɪdz/|出价；投标（bid 的复数）||||Called out bids filled the saleroom.|此起彼伏的叫价响彻拍卖厅。
bankruptcy|n.|/ˈbæŋkrʌptsi/|破产|bankrupt adj./n.（破产的；破产者）|file for bankruptcy 申请破产；go bankrupt 破产||The firm filed for bankruptcy.|该公司申请了破产。
momentum|n.|/məˈmentəm/|势头；动力||gain/lose/build momentum 获得/失去/积蓄势头||The art market lost momentum after 2008.|2008 年后艺术市场失去了势头。
generate|v.|/ˈdʒenəreɪt/|产生；引起；引发|generation n. / generator n.|generate interest 引起兴趣；generate revenue 产生收入；generate electricity 发电||The sale generates interest among collectors.|这场拍卖在收藏家中引起了兴趣。
generates|v.|/ˈdʒenəreɪts/|产生；引起（generate 的第三人称单数）||||The auction generates interest worldwide.|这场拍卖在全球引起了关注。
interest|n.|/ˈɪntrəst/|兴趣；关注；利益||generate interest 引起兴趣；take an interest in 对……感兴趣；interest rate 利率|interest≠ interest（利息）时看语境|The event generates interest in contemporary art.|该活动引发了对当代艺术的兴趣。
generate interest|phr.|/ˈdʒenəreɪt ˈɪntrəst/|引起兴趣/关注（由 generate + interest 构成）||||The Hirst sale generates interest across the market.|赫斯特的拍卖在整个市场引起关注。
match|v.|/mætʃ/|与……相配；比得上||match A with B 把 A 与 B 匹配；be matched by 与……相当；match up to 比得上||Demand was not matched by supply.|需求并未得到供给的匹配。
matched|v.|/mætʃt/|比得上；相配（match 的过去分词）||||The enthusiasm was matched by caution.|热情的对面是谨慎。
match by / be matched by|phr.|/bi mætʃt baɪ/|与……相当；被……匹敌（由 match 构成）||||Few booms were matched by such a bust.|很少有繁荣像这次一样被如此惨烈的崩盘所匹敌。
collector|n.|/kəˈlektə(r)/|收藏家；收集者|collect v. / collection n. / collective adj.|||Collectors stayed away from galleries.|收藏家们远离了画廊。
collectors|n.|/kəˈlektəz/|收藏家（collector 的复数）||||Collectors stayed away from salerooms.|收藏家们远离了拍卖厅。
gallery|n.|/ˈɡæləri/|（艺术）画廊；美术馆||art gallery 美术馆/画廊||Collectors stayed away from galleries.|收藏家们远离了画廊。
galleries|n.|/ˈɡæləriz/|画廊（gallery 的复数）||||They stayed away from galleries and salerooms.|他们远离画廊和拍卖厅。
saleroom|n.|/ˈseɪlruːm/|拍卖厅；展销厅||||Buyers avoided the salerooms.|买家避开了拍卖厅。
salerooms|n.|/ˈseɪlruːmz/|拍卖厅（saleroom 的复数）||||Collectors stayed away from salerooms.|收藏家们远离了拍卖厅。
divorce|n./v.|/dɪˈvɔːs/|离婚；分离|divorced adj.|get a divorce 离婚；divorce sb. 与某人离婚||Death, debt or divorce may force a sale.|死亡、债务或离婚可能迫使出售。
witness|v./n.|/ˈwɪtnəs/|v. 见证；目睹；n. 目击者；证人||witness a change 见证变化；eyewitness 目击者||The market witnessed a sharp decline.|市场见证了急剧下跌。
witnessed|v.|/ˈwɪtnəst/|见证；目睹（witness 的过去式/过去分词）||||The decade witnessed a long bull run.|那十年见证了漫长的牛市。
win|v.|/wɪn/|赢；获胜；赢得|winner n. / winning adj.|win a prize 获奖；win over 争取过来；win back 赢回||They hoped to win support.|他们希望赢得支持。
win over|phr.|/wɪn ˈəʊvə(r)/|把……争取过来；说服（由 win 构成）|||win over≠ defeat（战胜）；选项里「战胜」是干扰用法|She tried to win over the undecided voters.|她试图把犹豫不决的选民争取过来。
won over|phr.|/wʌn ˈəʊvə(r)/|争取过来；说服（win over 的过去式）||||The campaign won over many skeptics.|这场运动争取了许多怀疑者。
masterpiece|n.|/ˈmɑːstəpiːs/|杰作；代表作||||It was treated as a masterpiece of marketing.|它被视为营销的杰作。
masterpieces|n.|/ˈmɑːstəpiːsɪz/|杰作（masterpiece 的复数）||||It did not win over all masterpieces.|它并没有压过所有杰作。
surpass|v.|/səˈpɑːs/|超过；胜过|surpassing adj.|surpass expectations 超出预期；be surpassed by 被……超过||Growth surpassed many other industries.|增长超过了许多其他行业。
surpassed|v.|/səˈpɑːst/|超过；胜过（surpass 的过去式/过去分词）||||The art market surpassed other sectors in momentum.|艺术市场在势头上超过了其他行业。
Impressionist|n.|/ɪmˈpreʃənɪst/|印象派画家|impression n. / Impressionism n.|||Styles representing Impressionists were mentioned.|提到了代表印象派的风格。
Impressionists|n.|/ɪmˈpreʃənɪsts/|印象派画家（Impressionist 的复数）||||Option D mentioned Impressionists.|选项 D 提到了印象派画家。
crystallize|v.|/ˈkrɪstəlaɪz/|使具体化；使明确；结晶|crystal n. / crystalline adj.|||The anecdote crystallizes a common complaint.|这则轶事使一个常见抱怨变得具体。
crystallizes|v.|/ˈkrɪstəlaɪzɪz/|使具体化；使明确（crystallize 的第三人称单数）||||It crystallizes the gender gap in talk.|它使交谈中的性别差距变得清晰。
irony|n.|/ˈaɪrəni/|讽刺；具有讽刺意味的情况|ironic adj. / ironically adv.||irony≠ satire（讽刺文学/手法更主动）|The irony is that both feel unheard.|讽刺的是双方都觉得没被倾听。
tangible|adj.|/ˈtændʒəbl/|有形的；可触摸的；切实的|tangibly adv. / intangible adj.（反义）|||They want more tangible proof of care.|他们想要更切实的关心证据。
wreak|v.|/riːk/|造成；施加（破坏等）。注意发音≠ wreck||wreak havoc 造成严重破坏；wreak revenge 实施报复||The gap is wreaking havoc with marriages.|这种差距正严重破坏婚姻。
wreaking|v.|/ˈriːkɪŋ/|造成；施加（wreak 的现在分词）||||It is wreaking havoc with their relationship.|它正严重破坏他们的关系。
havoc|n.|/ˈhævək/|大破坏；混乱||wreak/play/create havoc 造成大混乱||The silence wreaked havoc at home.|沉默在家里造成了严重破坏。
wreak havoc with|phr.|/riːk ˈhævək wɪð/|严重破坏……；使……陷入混乱（= cause great damage to）||||Poor communication can wreak havoc with a marriage.|沟通不良会严重破坏婚姻。
stem|n./v.|/stem/|n. 茎；干；根源；v. 起源于；阻止||stem from 源于；stem the tide 遏制势头||The problem may stem from unequal talk.|问题可能源于不平等的交谈。
stem from|phr.|/stem frɒm/|源于；起因于（由 stem 构成）|||≈ derive from / originate from；偏「起因」|The conflict stems from different habits.|冲突源于不同的习惯。
stems from|phr.|/stemz frɒm/|源于；起因于（stem from 的第三人称单数）||||Divorce often stems from poor communication.|离婚常常源于沟通不良。
motivation|n.|/ˌməʊtɪˈveɪʃn/|动机；动力|motivate v. / motive n. / motivated adj.|||The book is about generating motivation to talk.|这本书讲的是激发交谈的动力。
generate motivation|phr.|/ˈdʒenəreɪt ˌməʊtɪˈveɪʃn/|产生动力；激发动机||||Is the book generating motivation for couples?|这本书是在为夫妇激发动力吗？
generating motivation|phr.|/ˈdʒenəreɪtɪŋ ˌməʊtɪˈveɪʃn/|产生动力（现在分词形式）||||They accused the advice of generating motivation only.|他们指责这些建议只会制造动力。
exert|v.|/ɪɡˈzɜːt/|施加；运用；发挥|exertion n.|exert influence 施加影响；exert pressure 施压；exert control 施加控制；exert oneself 努力||Men may exert influence through silence.|男性可能通过沉默施加影响。
influence|n./v.|/ˈɪnfluəns/|n. 影响；v. 影响||exert/have influence 施加/具有影响；under the influence of 在……影响下||She tried to exert influence at home.|她试图在家里施加影响。
exert influence|phr.|/ɪɡˈzɜːt ˈɪnfluəns/|施加影响（由 exert + influence 构成）||||Is he exerting influence or just withdrawing?|他是在施加影响，还是只是退缩？
exerting influence|phr.|/ɪɡˈzɜːtɪŋ ˈɪnfluəns/|施加影响（现在分词形式）||||Option B mentioned exerting influence.|选项 B 提到了施加影响。
moral|adj./n.|/ˈmɒrəl/|adj. 道德的；n. 寓意|morality n. / immoral adj. / morally adv.|moral decay 道德败坏；moral standards 道德标准||Is rising divorce a sign of moral decay?|离婚上升是道德败坏的迹象吗？
decay|n./v.|/dɪˈkeɪ/|n. 腐烂；衰退；败坏；v. 腐烂；衰退||moral/urban/tooth decay 道德败坏/城市衰败/蛀牙||They blamed social moral decay.|他们把责任归咎于社会道德败坏。
moral decay|n.|/ˈmɒrəl dɪˈkeɪ/|道德败坏；道德沦丧（由 moral + decay 构成）||||Some link divorce to moral decay.|有人将离婚与道德败坏联系起来。
moral decaying|n.|/ˈmɒrəl dɪˈkeɪɪŋ/|道德败坏（试题选项非规范表述；义同 moral decay）||||Option A used the awkward form moral decaying.|选项 A 使用了别扭的 moral decaying 说法。
sociologist|n.|/ˌsəʊsiˈɒlədʒɪst/|社会学家|sociology n. / social adj. / society n.|||Sociologists study marriage patterns.|社会学家研究婚姻模式。
sociologists|n.|/ˌsəʊsiˈɒlədʒɪsts/|社会学家（复数）||||Sociologists offer other explanations.|社会学家提出了其他解释。
vivid|adj.|/ˈvɪvɪd/|生动的；鲜明的|vividly adv. / vividness n.|vivid account/memory/description 生动的叙述/记忆/描写||The author gives a vivid account of family talk.|作者对家庭交谈作了生动叙述。
account|n./v.|/əˈkaʊnt/|n. 叙述；账户；解释；v. 解释||give an account of 叙述；account for 解释/占；take into account 考虑到|account for=解释/占|She gave a vivid account of the argument.|她生动地叙述了那场争执。
vivid account|phr.|/ˈvɪvɪd əˈkaʊnt/|生动的叙述（由 vivid + account 构成）。近义：detailed description||||The text is a vivid account of marital talk.|文本是对婚姻交谈的生动记述。
pure|adj.|/pjʊə(r)/|纯粹的；纯净的|purely adv. / purity n. / purify v. / impure adj.|||They sold the idea of pure water.|他们推销纯净水的概念。
purity|n.|/ˈpjʊərəti/|纯净；纯度；纯洁|||净化动词是 purify，不是 purity|Ads stressed the purity of the product.|广告强调产品的纯净。
perfect|v./adj.|/ˈpɜːfɪkt; pəˈfekt/|adj. /ˈpɜːfɪkt/ 完美的；v. /pəˈfekt/ 使完善|perfection n. / imperfect adj.|||Firms work to perfect consumer habits.|公司努力完善消费者习惯。
figure|n./v.|/ˈfɪɡə(r)/|n. 数字；人物；身材；v. 计算；认为||figure out 弄明白；public figure 公众人物||Researchers tried to figure out the pattern.|研究者试图弄清这一模式。
figure out|phr.|/ˈfɪɡər aʊt/|弄明白；想出；理解（由 figure 构成）。近义：work out / make out||||They figured out how habits form.|他们弄明白了习惯如何形成。
fundamental|adj.|/ˌfʌndəˈmentl/|根本的；基本的|fundamentally adv. / foundation n.|||There is a fundamental question about habits.|关于习惯有一个根本性问题。
skin moisturizer|n.|/skɪn ˈmɔɪstʃəraɪzə(r)/|润肤霜；保湿霜|moisturize v. / moisture n.|||Skin moisturizers became daily necessities.|润肤霜成了日用品。
skin moisturizers|n.|/skɪn ˈmɔɪstʃəraɪzəz/|润肤霜（复数）||||Products from skin moisturizers to vitamins...|从润肤霜到维生素等产品……
disinfecting wipe|n.|/ˌdɪsɪnˈfektɪŋ waɪp/|消毒湿巾|disinfect v. / disinfectant n.|||Disinfecting wipes lined supermarket shelves.|消毒湿巾摆满了超市货架。
disinfecting wipes|n.|/ˌdɪsɪnˈfektɪŋ waɪps/|消毒湿巾（复数）||||...disinfecting wipes and air fresheners...|……消毒湿巾和空气清新剂……
air freshener|n.|/eə ˈfreʃnə(r)/|空气清新剂|freshen v. / fresh adj.|||Air fresheners entered everyday routines.|空气清新剂进入了日常习惯。
air fresheners|n.|/eə ˈfreʃnəz/|空气清新剂（复数）||||...air fresheners and water purifiers...|……空气清新剂和净水器……
water purifier|n.|/ˈwɔːtə ˈpjʊərɪfaɪə(r)/|净水器|purify v. / pure adj. / purity n.|||Water purifiers were heavily advertised.|净水器被大肆宣传。
water purifiers|n.|/ˈwɔːtə ˈpjʊərɪfaɪəz/|净水器（复数）||||...water purifiers, teeth whiteners...|……净水器、牙齿美白剂……
teeth whitener|n.|/tiːθ ˈwaɪtnə(r)/|牙齿美白剂|whiten v. / white adj.|||Teeth whiteners became popular products.|牙齿美白剂成了热门产品。
teeth whiteners|n.|/tiːθ ˈwaɪtnəz/|牙齿美白剂（复数）||||...teeth whiteners and fabric softeners...|……牙齿美白剂和衣物柔顺剂……
fabric softener|n.|/ˈfæbrɪk ˈsɒftnə(r)/|衣物柔顺剂|soften v. / soft adj.|||Fabric softeners joined the shopping list.|衣物柔顺剂进入了购物清单。
fabric softeners|n.|/ˈfæbrɪk ˈsɒftnəz/|衣物柔顺剂（复数）||||...fabric softeners and vitamins.|……衣物柔顺剂和维生素。
vitamin|n.|/ˈvɪtəmɪn/|维生素||||Vitamins were marketed as daily essentials.|维生素被宣传为日常必需品。
vitamins|n.|/ˈvɪtəmɪnz/|维生素（复数）||||Manufactured products from wipes to vitamins...|从湿巾到维生素的制造品……
manufacture|v./n.|/ˌmænjuˈfæktʃə(r)/|v. 制造；生产；n. 制造|manufacturer n. / manufacturing n. / manufactured adj.|||These were manufactured consumer goods.|这些是制造出来的消费品。
manufactured|adj./v.|/ˌmænjuˈfæktʃəd/|制造的；生产的（过去分词）||||A range of manufactured products appeared.|一系列制造产品出现了。
regularly|adv.|/ˈreɡjələli/|经常地；定期地|regular adj. / regularity n. / irregular adj.|||People began using them regularly.|人们开始经常使用它们。
advertising|n.|/ˈædvətaɪzɪŋ/|广告；广告业|advertise v. / advertisement n. / advert n.|||Advertising campaigns created new rituals.|广告活动创造了新惯例。
campaign|n.|/kæmˈpeɪn/|（宣传/广告）活动；战役||launch/run an advertising campaign 发起/开展广告活动||Advertising campaigns spread the habit.|广告活动传播了这一习惯。
campaigns|n.|/kæmˈpeɪnz/|（宣传）活动（复数）||||Through advertising campaigns...|通过广告活动……
habitually|adv.|/həˈbɪtʃuəli/|习惯性地|habit n. / habitual adj. / inhabit v.|||They habitually reached for the product.|他们习惯性地伸手去拿产品。
cavity-preventing|adj.|/ˈkævəti prɪˈventɪŋ/|预防蛀牙的；防龋的|cavity n. / prevent v. / prevention n.|||Cavity-preventing toothpaste was promoted.|防龋牙膏得到推广。
scrub|v.|/skrʌb/|用力擦洗；擦净||scrub the floor 擦地板；scrub away 擦掉||Ads showed people scrubbing their teeth.|广告展示人们用力刷牙。
far-off|adj.|/ˌfɑːr ˈɒf/|遥远的；远方的||||Water from far-off springs was bottled.|来自遥远泉水的水被装瓶。
unthinkingly|adv.|/ʌnˈθɪŋkɪŋli/|不假思索地|think v. / thinking n. / thoughtful adj.|||Consumers unthinkingly sip bottled water.|消费者不假思索地喝瓶装水。
sip|v./n.|/sɪp/|v. 小口喝；抿；n. 一小口||sip coffee 小口喝咖啡；take a sip 喝一小口||They unthinkingly sip as they work.|他们工作时不假思索地小口喝着。
chewing gum|n.|/ˈtʃuːɪŋ ɡʌm/|口香糖||||Chewing gum was sold as a breath freshener.|口香糖被当作口气清新剂出售。
commercial|n./adj.|/kəˈmɜːʃl/|n. 商业广告；adj. 商业的|commerce n. / commercially adv. / commercialize v.||commercial(n.)=广告片；advertisement 更泛|TV commercials pushed new rituals.|电视广告推动了新惯例。
commercials|n.|/kəˈmɜːʃlz/|商业广告（复数）||||Through commercials and campaigns...|通过商业广告和宣传活动……
commercially|adv.|/kəˈmɜːʃəli/|在商业上；从商业角度看||commercially viable 商业上可行的||Is the habit commercially viable?|这一习惯在商业上可行吗？
breath freshener|n.|/breθ ˈfreʃnə(r)/|口气清新剂||||Gum was marketed as a breath freshener.|口香糖被营销为口气清新剂。
teeth cleanser|n.|/tiːθ ˈklenzə(r)/|洁牙剂；牙齿清洁剂|cleanse v. / clean adj./v.|||It doubled as a teeth cleanser.|它兼作洁牙剂。
ritual|n.|/ˈrɪtʃuəl/|仪式；惯例；习惯性做法|ritualize v. / rite n.|daily ritual 日常仪式/惯例||Putting on makeup became a ritual.|化妆成了一种仪式。
rituals|n.|/ˈrɪtʃuəlz/|仪式；惯例（复数）||||New consumer rituals took hold.|新的消费惯例扎下根来。
put on|phr.|/pʊt ɒn/|穿上；戴上；涂抹；上演||put on clothes 穿衣服；put on makeup 化妆；put on a play 上演戏剧||She put on makeup each morning.|她每天早上化妆。
makeup|n.|/ˈmeɪkʌp/|化妆品；构成||put on/wear makeup 化妆/上妆||Putting on makeup is a daily habit for many.|化妆对许多人是日常习惯。
put on makeup|phr.|/pʊt ɒn ˈmeɪkʌp/|化妆；上妆（由 put on + makeup 构成）||||Putting on makeup became automatic.|化妆变得自动化了。
putting on makeup|phr.|/ˈpʊtɪŋ ɒn ˈmeɪkʌp/|化妆（现在分词形式）||||...like putting on makeup.|……比如化妆。
viable|adj.|/ˈvaɪəbl/|可行的；能成功实施的|viability n. / non-viable adj.|commercially/economically viable 商业上/经济上可行||The product proved commercially viable.|该产品被证明在商业上可行。
tie|v.|/taɪ/|把……联系起来；系；捆||tie A to B 把 A 与 B 联系起来；tie in with 与……相配||Ads were tying products to daily fears.|广告把产品与日常恐惧联系起来。
tying|v.|/ˈtaɪɪŋ/|联系；系（tie 的现在分词）||||Marketers were tying habits to brands.|营销者把习惯与品牌绑在一起。
ruthless|adj.|/ˈruːθləs/|无情的；残酷的|ruthlessly adv. / ruthlessness n.|||A ruthless campaign shaped demand.|一场无情的宣传塑造了需求。
erupt|v.|/ɪˈrʌpt/|爆发；突然发生|eruption n. / eruptive adj.|violence/protest/laughter erupts 暴力/抗议/笑声爆发||Debate erupted over the ads.|关于广告爆发了争论。
erupted|v.|/ɪˈrʌptɪd/|爆发（erupt 的过去式/过去分词）||||Criticism erupted almost overnight.|批评几乎一夜之间爆发。
questionable|adj.|/ˈkwestʃənəbl/|可疑的；有问题的；靠不住的|question n./v. / unquestionable adj.|||Their methods looked questionable.|他们的方法看起来有问题。
cultivate|v.|/ˈkʌltɪveɪt/|培养；养成；耕作|cultivation n. / cultivated adj.|cultivate a habit 养成习惯；cultivate a relationship 培养关系；cultivate land 耕种土地||The habit was further cultivated by ads.|这一习惯被广告进一步培养。
cultivated|v.|/ˈkʌltɪveɪtɪd/|培养；养成（过去分词）||||It was further cultivated over decades.|它在数十年间被进一步培养。
gradually|adv.|/ˈɡrædʒuəli/|逐渐地；逐步地|gradual adj. / grade n.|||The habit gradually became automatic.|这一习惯逐渐变得自动。
root|n./v.|/ruːt/|n. 根；根源；v. 使生根||take root 扎根；root out 根除；be rooted in 根植于||The habit took deep root.|这一习惯深深扎根。
rooted|adj.|/ˈruːtɪd/|生根的；根深蒂固的||deeply rooted 根深蒂固的||The fear became deeply rooted.|恐惧变得根深蒂固。
deeply rooted|adj.|/ˈdiːpli ˈruːtɪd/|根深蒂固的（由 deep + rooted 构成）。近义：deep-seated||||Hand washing became deeply rooted.|洗手变得根深蒂固。
private|adj.|/ˈpraɪvət/|私人的；私立的|privacy n. / privately adv.|private concern 私事；private life 私生活；private school 私立学校||It touched private concerns about hygiene.|它触及了关于卫生的私人关切。
concern|n./v.|/kənˈsɜːn/|n. 关切的事；担忧；v. 涉及||private/public concern 私人/公共关切；concern about 对……的担忧|concern≠ worry 时可作「关系到」|Private concerns drove the new habit.|私人关切推动了新习惯。
private concern|n.|/ˈpraɪvət kənˈsɜːn/|私事；个人关切的事||||Ads tapped into private concerns.|广告利用了私人关切。
private concerns|n.|/ˈpraɪvət kənˈsɜːnz/|私事；个人关切的事（复数）||||...private concerns about germs.|……关于病菌的私人关切。
as|prep./conj./adv.|/æz; əz/|prep. 作为；像；conj. 当……时；因为||||As to the cause, opinions differ.|至于原因，意见不一。
as to|phr.|/æz tuː/|关于；至于（由 as 构成）。近义：regarding / with regard to||||As to why it spread, ads matter.|至于它为何传播，广告很重要。
reveal|v.|/rɪˈviːl/|揭示；显示；透露。近义：show / disclose|revelation n. / revealing adj.||reveal 偏「揭开原被隐藏的」|The study reveals an urgent need.|该研究揭示了迫切需要。
urgent|adj.|/ˈɜːdʒənt/|紧急的；迫切的|urge v./n. / urgency n. / urgently adv.|||There seemed an urgent need for soap.|似乎迫切需要肥皂。
need|n./v.|/niːd/|n. 需要；需求；v. 需要||urgent need 迫切需要；in need of 需要……||An urgent need was manufactured.|一种迫切需要被制造出来。
urgent need|n.|/ˈɜːdʒənt niːd/|迫切需要（由 urgent + need 构成）||||Ads created a sense of urgent need.|广告制造了迫切需要感。
daily|adj./adv.|/ˈdeɪli/|adj. 每日的；日常的；adv. 每天||||Soap became a daily necessity.|肥皂成了日用必需品。
necessity|n.|/nəˈsesəti/|必需品；必要性|necessary adj. / necessarily adv. / unnecessary adj.|||It was sold as a daily necessity.|它被当作日用必需品出售。
daily necessity|n.|/ˈdeɪli nəˈsesəti/|日用品；生活必需品（由 daily + necessity 构成）||||Hand soap became a daily necessity.|洗手液成了日用必需品。
daily necessities|n.|/ˈdeɪli nəˈsesətiz/|日用品（复数）||||Many daily necessities were invented by ads.|许多日用品是由广告“发明”的。
indicate|v.|/ˈɪndɪkeɪt/|表明；显示；暗示|indication n. / indicator n. / indicative adj.||indicate=客观显示；imply=暗含言外之意；prove=证明|Figures indicate rising demand.|数据表明需求在上升。
manifest|v./adj.|/ˈmænɪfest/|v. 表明；显示；显现；adj. 明显的。近义：show / demonstrate|manifestation n.|||The change manifested in daily routines.|变化体现在日常惯例中。
belong|v.|/bɪˈlɒŋ/|应在（某处）；适合归入||belong to 属于；belong in 适合在……||Which category does this belong to?|这属于哪一类？
belong to|phr.|/bɪˈlɒŋ tuː/|属于（由 belong 构成）||||The brand belongs to Unilever.|该品牌属于联合利华。
Unilever|n.|/ˈjuːnɪliːvə(r)/|联合利华（跨国公司名）||||Unilever promoted the soap habit.|联合利华推广了用肥皂的习惯。
develop|v.|/dɪˈveləp/|发展；形成；开发|development n. / developing adj. / developed adj.|||Habits develop due to many factors.|习惯因许多因素而形成。
due to|phr.|/djuː tuː/|由于；因为|||due to 多作表语；because of 更灵活|The habit developed due to promotion.|这一习惯因促销而形成。
develop due to|phr.|/dɪˈveləp djuː tuː/|由于……而形成/发展||||Automatic habits develop due to cues.|自动习惯因线索而形成。
developed due to|phr.|/dɪˈveləpt djuː tuː/|由于……而形成（过去式）||||It developed due to commercial promotions.|它因商业促销而形成。
automatic|adj.|/ˌɔːtəˈmætɪk/|自动的|automatically adv. / automation n. / automate v.|||The behavior became automatic.|行为变得自动化。
behavior|n.|/bɪˈheɪvjə(r)/|行为；举止（英式 behaviour）|behave v. / behavioral adj.|||Automatic behavior creation was the goal.|目标是自动行为的养成。
creation|n.|/kriˈeɪʃn/|创造；创建；产物|create v. / creative adj. / creator n.|||...automatic behavior creation.|……自动行为的形成。
automatic behavior creation|phr.|/ˌɔːtəˈmætɪk bɪˈheɪvjə kriˈeɪʃn/|自动行为的形成；习惯性行为的养成||||Option A mentioned automatic behavior creation.|选项 A 提到了自动行为养成。
promotion|n.|/prəˈməʊʃn/|促销；晋升；促进|promote v. / promoter n.|commercial/sales promotion 商业/促销宣传||Commercial promotions spread the habit.|商业促销传播了这一习惯。
commercial promotion|n.|/kəˈmɜːʃl prəˈməʊʃn/|商业促销；商业宣传||||It developed due to commercial promotions.|它因商业促销而发展。
commercial promotions|n.|/kəˈmɜːʃl prəˈməʊʃnz/|商业促销（复数）||||...commercial promotions and cues.|……商业促销与线索。
negative|adj.|/ˈneɡətɪv/|消极的；否定的；负面的|negate v. / negation n.；反义：positive|||Is the author's attitude negative?|作者的态度是消极的吗？
biased|adj.|/ˈbaɪəst/|有偏见的；偏颇的|bias n. / unbiased adj.（反义）|||The tone is critical but not simply biased.|语气批判，但并不只是偏见。
principle|n.|/ˈprɪnsəpl/|原则；原理；准则||in principle 原则上；stick to principles 坚持原则|principle≠ principal（校长；主要的）|The jury system rests on key principles.|陪审团制度建立在关键原则之上。
principles|n.|/ˈprɪnsəplz/|原则；准则（复数）||||One principle is that jurors should be literate.|原则之一是陪审员应识字。
literate|adj.|/ˈlɪtərət/|有读写能力的；识字的|literacy n. / literature n. / illiterate adj.（反义）|||Jurors were expected to be literate.|陪审员曾被期望具备读写能力。
illiterate|adj.|/ɪˈlɪtərət/|文盲的；不识字的||||The illiterate were once excluded.|文盲一度被排除在外。
elite|n./adj.|/eɪˈliːt; ɪˈliːt/|n. 精英；上层人士；adj. 精英的|elitism n. / elitist n./adj.|||Elite jurors were preferred before 1968.|1968 年前更偏爱精英陪审员。
juror|n.|/ˈdʒʊərə(r)/|陪审员|jury n. / juridical adj.|||Elite jurors were selected in some states.|一些州挑选精英陪审员。
jurors|n.|/ˈdʒʊərəz/|陪审员（复数）||||The practice of selecting elite jurors...|挑选精英陪审员的做法……
prevalent|adj.|/ˈprevələnt/|流行的；普遍存在的。近义：widespread / common|prevail v. / prevalence n.|||That practice was once prevalent.|那种做法一度很普遍。
conflict|n./v.|/ˈkɒnflɪkt; kənˈflɪkt/|n. /ˈkɒnflɪkt/ 冲突；v. /kənˈflɪkt/ 冲突|conflicting adj.|||There were conflicting views on juries.|关于陪审团存在相互冲突的观点。
conflicting|adj.|/kənˈflɪktɪŋ/|相互矛盾的；冲突的||||Conflicting ideas shaped the reform.|冲突的观念塑造了改革。
arrogance|n.|/ˈærəɡəns/|傲慢；自大|arrogant adj. / arrogantly adv.|||Critics saw arrogance in elite selection.|批评者在精英挑选中看到傲慢。
automatically|adv.|/ˌɔːtəˈmætɪkli/|自动地；必然地||||Women were not automatically included.|女性并未被自动纳入。
ban|v./n.|/bæn/|v. 禁止；取缔；n. 禁令|banned adj.|ban sb. from 禁止某人……；a ban on 对……的禁令||Some states effectively banned women jurors.|一些州实际上禁止女性担任陪审员。
banned|v.|/bænd/|禁止（ban 的过去式/过去分词）||||Women were banned from many jury lists.|女性被禁止进入许多陪审员名单。
fall|v./n.|/fɔːl/|v. 落下；下降；变为||fall short of 未达到；fall into 陷入；fall apart 崩溃||Standards can fall short of ideals.|标准可能达不到理想。
short|adj./adv.|/ʃɔːt/|adj. 短的；不足的||short of 缺少；fall short of 未达到；in short 简言之||The list fell short of true representation.|名单未达到真正的代表性。
fall short of|phr.|/fɔːl ʃɔːt əv/|未达到；不符合；不及（由 fall + short 构成）。近义：fail to reach||||Women often fell short of the listed qualifications—on paper.|女性常常达不到所列资格——至少纸面上如此。
fell short of|phr.|/fel ʃɔːt əv/|未达到；不符合（过去式）||||They fell short of the formal requirements.|他们未达到正式要求。
domestic|adj.|/dəˈmestɪk/|家庭的；国内的|domestically adv.|domestic duties 家务职责；domestic market 国内市场；domestic violence 家庭暴力|domestic≠ household 完全等同，前者还指「国内的」|Domestic duties kept women off juries.|家务职责使女性远离陪审团。
duty|n.|/ˈdjuːti/|职责；义务；责任||on duty 值班；domestic duties 家务职责；duty to 对……的责任||Domestic duties were cited as a reason.|家务职责被援引为理由。
domestic duty|n.|/dəˈmestɪk ˈdjuːti/|家庭责任；家务职责||||They were tied to domestic duties.|她们被束缚于家庭责任。
domestic duties|n.|/dəˈmestɪk ˈdjuːtiz/|家庭责任；家务（复数）||||...because of domestic duties.|……因为家务职责。
evade|v.|/ɪˈveɪd/|逃避；回避；规避|evasion n. / evasive adj.|evade responsibility/tax/question 逃避责任/逃税/回避问题||Some could evade public engagement.|有些人可以逃避公共事务。
unconstitutional|adj.|/ˌʌnkɒnstɪˈtjuːʃənl/|违宪的|constitution n. / constitutional adj. / unconstitutional adj.|||Special requirements were ruled unconstitutional later in spirit of reform.|特殊要求后来在改革精神下被视为违宪。
rigid|adj.|/ˈrɪdʒɪd/|严格的；死板的；僵化的。近义：strict；反义：flexible|rigidity n. / rigidly adv.|||Rigid educational requirements were abolished.|僵化的教育要求被废除。
representative|adj./n.|/ˌreprɪˈzentətɪv/|adj. 有代表性的；n. 代表|represent v. / representation n.|||Juries should be more representative.|陪审团应更具代表性。
reform|v./n.|/rɪˈfɔːm/|v. 改革；改良；n. 改革|reformer n. / reformation n.|||The Act began reforming jury selection.|该法案开始改革陪审员遴选。
reforming|v.|/rɪˈfɔːmɪŋ/|改革（现在分词）||||...reforming the old elite system.|……改革旧的精英制度。
center|n./v.|/ˈsentə(r)/|n. 中心；中央；v. 以……为中心|central adj. / concentrate v.（近义：聚焦）|center on 围绕；at the center of 处于……中心||The discussion centers on one theme.|讨论围绕一个主题展开。
center on|phr.|/ˈsentər ɒn/|以……为中心；围绕；集中于（由 center 构成）。近义：focus on / revolve around|||center on≠ pay attention to 的「关心」|The text centers on the jury system's development.|文本围绕陪审团制度的发展展开。
centers on|phr.|/ˈsentəz ɒn/|以……为中心；围绕（第三人称单数）||||The passage centers on tradition and reform.|文章围绕传统与改革展开。
harmony|n.|/ˈhɑːməni/|和谐；协调|harmonious adj. / harmonize v. / harmonization n.|||They sought greater social harmony.|他们寻求更大的社会和谐。
harmonious|adj.|/hɑːˈməʊniəs/|和谐的；协调的||||A harmonious balance is hard to reach.|和谐的平衡很难达到。
harmonize|v.|/ˈhɑːmənaɪz/|使协调；使和谐||harmonize rules/policies 协调规则/政策||States tried to harmonize standards.|各州试图协调标准。
harmonization|n.|/ˌhɑːmənaɪˈzeɪʃn/|协调；和谐化||||Greater harmonization was proposed.|有人提出更大程度的协调。
illiteracy|n.|/ɪˈlɪtərəsi/|文盲；无知。反义：literacy||||Illiteracy once barred people from juries.|文盲一度使人们无法进入陪审团。
literacy|n.|/ˈlɪtərəsi/|读写能力；素养||||Literacy was an early jury requirement.|读写能力是早期陪审资格要求。
purify|v.|/ˈpjʊərɪfaɪ/|净化；提纯|||≠ purity（名词）|Ads claimed to purify daily life.|广告声称要净化日常生活。
motivated|adj.|/ˈməʊtɪveɪtɪd/|有动机的；积极的||||A motivated couple talks more.|有动力的夫妇会谈得更多。
bankrupt|adj./n./v.|/ˈbæŋkrʌpt/|adj. 破产的；v. 使破产；n. 破产者||||The rival went bankrupt.|对手破产了。
collect|v.|/kəˈlekt/|收集；收藏；聚集||||They collect contemporary art.|他们收藏当代艺术。
collection|n.|/kəˈlekʃn/|收藏；收集物；文集||||A private collection went to auction.|一批私人藏品进入拍卖。
